AC Type,Probs
E90,0.384180790960452
738,0.15819209039548024
737,0.11864406779661017
AT7,0.11299435028248588
788,0.06779661016949153
320,0.05649717514124294
330,0.03389830508474576
CRJ,0.01694915254237288
773,0.01694915254237288
332,0.011299435028248588
747,0.005649717514124294
73J,0.005649717514124294
772,0.005649717514124294
B73,0.005649717514124294
